Timestamp,Classe,Confianca,Centro_X,Centro_Y
2025-09-23T01:02:08.053191,motorcycle,0.72,271,351
2025-09-23T01:02:08.134099,motorcycle,0.77,266,369
2025-09-23T01:02:08.210021,motorcycle,0.80,263,373
2025-09-23T01:02:08.289193,motorcycle,0.83,262,378
2025-09-23T01:02:08.367502,motorcycle,0.80,263,374
2025-09-23T01:02:08.367644,motorcycle,0.51,207,59
2025-09-23T01:02:08.440964,motorcycle,0.81,259,379
2025-09-23T01:02:08.515382,motorcycle,0.77,261,383
2025-09-23T01:02:08.587103,motorcycle,0.70,262,391
2025-09-23T01:02:08.657861,motorcycle,0.71,270,389
2025-09-23T01:02:08.731206,motorcycle,0.76,274,390
2025-09-23T01:02:08.731350,motorcycle,0.55,200,69
2025-09-23T01:02:08.802302,motorcycle,0.59,274,402
2025-09-23T01:02:08.802448,motorcycle,0.53,325,43
2025-09-23T01:02:08.878255,motorcycle,0.64,277,403
2025-09-23T01:02:08.878388,motorcycle,0.53,326,44
2025-09-23T01:02:08.878518,motorcycle,0.52,275,65
2025-09-23T01:02:08.952038,motorcycle,0.59,279,400
2025-09-23T01:02:08.952224,motorcycle,0.54,275,64
2025-09-23T01:02:08.952401,motorcycle,0.52,328,44
2025-09-23T01:02:08.952633,motorcycle,0.51,202,71
2025-09-23T01:02:09.026174,motorcycle,0.56,204,70
2025-09-23T01:02:09.026364,motorcycle,0.54,278,424
2025-09-23T01:02:09.099371,motorcycle,0.54,204,71
2025-09-23T01:02:09.099494,motorcycle,0.51,275,65
2025-09-23T01:02:09.171636,motorcycle,0.52,206,71
2025-09-23T01:02:09.171792,motorcycle,0.51,328,42
2025-09-23T01:02:09.171927,motorcycle,0.51,277,66
2025-09-23T01:02:09.172165,motorcycle,0.51,281,429
2025-09-23T01:02:09.242977,motorcycle,0.59,281,430
2025-09-23T01:02:09.315172,motorcycle,0.59,283,425
2025-09-23T01:02:09.386577,motorcycle,0.65,283,433
2025-09-23T01:02:09.456065,motorcycle,0.63,285,430
2025-09-23T01:02:09.531516,motorcycle,0.62,289,437
2025-09-23T01:02:09.608478,motorcycle,0.71,295,434
2025-09-23T01:02:09.682944,motorcycle,0.66,296,432
2025-09-23T01:02:09.683091,motorcycle,0.57,301,69
2025-09-23T01:02:09.683228,motorcycle,0.54,161,78
2025-09-23T01:02:09.758092,motorcycle,0.67,298,428
2025-09-23T01:02:09.758245,motorcycle,0.54,303,67
2025-09-23T01:02:09.758376,motorcycle,0.54,356,45
2025-09-23T01:02:09.831780,motorcycle,0.65,299,429
2025-09-23T01:02:09.831937,motorcycle,0.50,376,44
2025-09-23T01:02:09.905990,motorcycle,0.58,302,424
2025-09-23T01:02:09.985345,motorcycle,0.59,324,65
2025-09-23T01:02:09.985480,motorcycle,0.58,252,66
2025-09-23T01:02:09.985605,motorcycle,0.55,375,45
2025-09-23T01:02:10.061997,motorcycle,0.57,252,66
2025-09-23T01:02:10.062133,motorcycle,0.56,325,66
2025-09-23T01:02:10.062299,motorcycle,0.55,378,45
2025-09-23T01:02:10.137106,motorcycle,0.59,327,68
2025-09-23T01:02:10.137251,motorcycle,0.54,258,69
2025-09-23T01:02:10.137453,motorcycle,0.53,309,430
2025-09-23T01:02:10.293946,motorcycle,0.57,319,365
2025-09-23T01:02:10.377365,motorcycle,0.55,321,364
2025-09-23T01:02:10.457029,motorcycle,0.56,324,349
2025-09-23T01:02:10.534117,motorcycle,0.62,319,348
2025-09-23T01:02:10.616691,motorcycle,0.62,318,350
2025-09-23T01:02:10.703647,motorcycle,0.67,321,350
2025-09-23T01:02:10.703836,motorcycle,0.51,427,48
2025-09-23T01:02:10.791635,motorcycle,0.60,317,353
2025-09-23T01:02:10.869581,motorcycle,0.68,317,350
2025-09-23T01:02:10.869747,motorcycle,0.55,427,45
2025-09-23T01:02:10.869983,motorcycle,0.53,118,290
2025-09-23T01:02:10.946612,motorcycle,0.70,315,350
2025-09-23T01:02:10.946765,motorcycle,0.57,429,46
2025-09-23T01:02:11.023904,motorcycle,0.65,312,346
2025-09-23T01:02:11.024051,motorcycle,0.54,429,43
2025-09-23T01:02:11.096984,motorcycle,0.58,315,346
2025-09-23T01:02:11.097186,motorcycle,0.55,432,40
2025-09-23T01:02:11.097318,motorcycle,0.54,376,61
2025-09-23T01:02:11.172193,motorcycle,0.65,311,343
2025-09-23T01:02:11.172340,motorcycle,0.57,429,40
2025-09-23T01:02:11.172462,motorcycle,0.57,368,61
2025-09-23T01:02:11.244089,motorcycle,0.66,306,342
2025-09-23T01:02:11.244284,motorcycle,0.58,428,40
2025-09-23T01:02:11.244444,motorcycle,0.55,308,65
2025-09-23T01:02:11.244577,motorcycle,0.55,371,61
2025-09-23T01:02:11.318826,motorcycle,0.67,308,342
2025-09-23T01:02:11.318979,motorcycle,0.57,429,40
2025-09-23T01:02:11.319113,motorcycle,0.54,304,65
2025-09-23T01:02:11.319238,motorcycle,0.54,373,60
2025-09-23T01:02:11.394206,motorcycle,0.65,310,346
2025-09-23T01:02:11.394331,motorcycle,0.55,427,43
2025-09-23T01:02:11.466134,motorcycle,0.62,316,351
2025-09-23T01:02:11.466285,motorcycle,0.55,321,65
2025-09-23T01:02:11.466410,motorcycle,0.53,427,45
2025-09-23T01:02:11.541335,motorcycle,0.59,430,46
2025-09-23T01:02:11.541463,motorcycle,0.52,254,71
2025-09-23T01:02:11.541634,motorcycle,0.50,318,353
2025-09-23T01:02:11.615569,motorcycle,0.50,428,46
2025-09-23T01:02:11.756310,motorcycle,0.56,319,355
2025-09-23T01:02:11.826433,motorcycle,0.53,320,358
2025-09-23T01:02:11.898929,motorcycle,0.52,322,358
2025-09-23T01:02:11.968468,motorcycle,0.53,318,356
2025-09-23T01:02:12.042418,motorcycle,0.56,315,356
2025-09-23T01:02:12.042553,motorcycle,0.50,427,48
2025-09-23T01:02:12.114331,motorcycle,0.64,310,354
2025-09-23T01:02:12.114487,motorcycle,0.52,422,47
2025-09-23T01:02:12.184282,motorcycle,0.63,316,352
2025-09-23T01:02:12.184457,motorcycle,0.55,425,47
2025-09-23T01:02:12.257827,motorcycle,0.55,318,364
2025-09-23T01:02:12.257972,motorcycle,0.53,431,45
2025-09-23T01:02:12.328903,motorcycle,0.60,372,67
2025-09-23T01:02:12.329098,motorcycle,0.56,314,359
2025-09-23T01:02:12.329220,motorcycle,0.52,435,47
2025-09-23T01:02:12.402141,motorcycle,0.55,309,363
2025-09-23T01:02:12.402308,motorcycle,0.53,430,55
2025-09-23T01:02:12.473759,motorcycle,0.58,315,367
2025-09-23T01:02:12.544079,motorcycle,0.64,309,364
2025-09-23T01:02:12.544285,motorcycle,0.55,430,65
2025-09-23T01:02:12.626483,motorcycle,0.68,304,365
2025-09-23T01:02:12.626661,motorcycle,0.52,430,73
2025-09-23T01:02:12.729644,motorcycle,0.67,324,373
2025-09-23T01:02:12.833291,motorcycle,0.67,316,368
2025-09-23T01:02:12.918567,motorcycle,0.70,321,370
2025-09-23T01:02:12.918756,motorcycle,0.54,283,107
2025-09-23T01:02:12.918941,motorcycle,0.51,404,86
2025-09-23T01:02:12.919140,motorcycle,0.51,113,331
2025-09-23T01:02:12.999591,motorcycle,0.56,404,90
2025-09-23T01:02:12.999811,motorcycle,0.54,311,392
2025-09-23T01:02:13.000018,motorcycle,0.52,274,115
2025-09-23T01:02:13.078282,motorcycle,0.64,313,401
2025-09-23T01:02:13.078511,motorcycle,0.50,254,120
2025-09-23T01:02:13.153173,motorcycle,0.67,315,398
2025-09-23T01:02:13.224830,motorcycle,0.63,315,402
2025-09-23T01:02:13.225041,motorcycle,0.56,257,134
2025-09-23T01:02:13.303263,motorcycle,0.60,298,405
2025-09-23T01:02:13.303461,motorcycle,0.58,352,113
2025-09-23T01:02:13.303687,motorcycle,0.54,229,137
2025-09-23T01:02:13.303881,motorcycle,0.50,93,249
2025-09-23T01:02:13.382658,motorcycle,0.69,295,413
2025-09-23T01:02:13.382838,motorcycle,0.54,321,123
2025-09-23T01:02:13.382991,motorcycle,0.53,198,151
2025-09-23T01:02:13.459942,motorcycle,0.59,164,154
2025-09-23T01:02:13.460159,motorcycle,0.59,286,424
2025-09-23T01:02:13.460318,motorcycle,0.57,290,128
2025-09-23T01:02:13.460521,motorcycle,0.52,248,148
2025-09-23T01:02:13.460798,motorcycle,0.51,110,162
2025-09-23T01:02:13.559431,motorcycle,0.67,151,141
2025-09-23T01:02:13.559633,motorcycle,0.57,286,418
2025-09-23T01:02:13.559801,motorcycle,0.57,274,115
2025-09-23T01:02:13.559978,motorcycle,0.53,90,151
2025-09-23T01:02:13.560148,motorcycle,0.51,227,137
2025-09-23T01:02:13.640753,motorcycle,0.67,147,154
2025-09-23T01:02:13.640945,motorcycle,0.58,276,123
2025-09-23T01:02:13.641182,motorcycle,0.58,288,494
2025-09-23T01:02:13.641389,motorcycle,0.57,224,143
2025-09-23T01:02:13.641581,motorcycle,0.54,78,163
2025-09-23T01:02:13.731688,motorcycle,0.63,131,161
2025-09-23T01:02:13.731888,motorcycle,0.62,61,170
2025-09-23T01:02:13.732202,motorcycle,0.61,288,496
2025-09-23T01:02:13.732405,motorcycle,0.53,206,154
2025-09-23T01:02:13.732680,motorcycle,0.51,254,137
2025-09-23T01:02:13.828012,motorcycle,0.62,112,165
2025-09-23T01:02:13.828299,motorcycle,0.60,194,160
2025-09-23T01:02:13.828491,motorcycle,0.59,52,170
2025-09-23T01:02:13.828674,motorcycle,0.56,247,141
2025-09-23T01:02:13.924258,motorcycle,0.70,281,494
2025-09-23T01:02:13.924455,motorcycle,0.66,107,166
2025-09-23T01:02:13.924757,motorcycle,0.62,43,173
2025-09-23T01:02:13.924977,motorcycle,0.58,175,158
2025-09-23T01:02:13.925213,motorcycle,0.52,229,140
2025-09-23T01:02:14.028594,motorcycle,0.71,97,161
2025-09-23T01:02:14.028822,motorcycle,0.68,170,155
2025-09-23T01:02:14.029044,motorcycle,0.65,281,483
2025-09-23T01:02:14.029247,motorcycle,0.65,39,171
2025-09-23T01:02:14.029438,motorcycle,0.54,224,136
2025-09-23T01:02:14.114476,motorcycle,0.68,281,487
2025-09-23T01:02:14.114708,motorcycle,0.67,35,166
2025-09-23T01:02:14.114886,motorcycle,0.65,89,159
2025-09-23T01:02:14.115110,motorcycle,0.62,155,150
2025-09-23T01:02:14.115303,motorcycle,0.58,202,131
2025-09-23T01:02:14.206858,motorcycle,0.76,76,158
2025-09-23T01:02:14.207034,motorcycle,0.72,148,152
2025-09-23T01:02:14.207258,motorcycle,0.71,281,488
2025-09-23T01:02:14.207443,motorcycle,0.63,29,166
2025-09-23T01:02:14.207647,motorcycle,0.62,197,133
2025-09-23T01:02:14.301843,motorcycle,0.71,62,157
2025-09-23T01:02:14.302045,motorcycle,0.71,275,483
2025-09-23T01:02:14.302233,motorcycle,0.64,127,147
2025-09-23T01:02:14.302383,motorcycle,0.53,180,130
2025-09-23T01:02:14.381849,motorcycle,0.74,56,162
2025-09-23T01:02:14.382059,motorcycle,0.71,275,480
2025-09-23T01:02:14.382250,motorcycle,0.66,120,151
2025-09-23T01:02:14.382447,motorcycle,0.57,181,133
2025-09-23T01:02:14.465828,motorcycle,0.76,55,164
2025-09-23T01:02:14.466067,motorcycle,0.75,274,485
2025-09-23T01:02:14.466223,motorcycle,0.73,123,154
2025-09-23T01:02:14.466437,motorcycle,0.61,174,135
2025-09-23T01:02:14.549016,motorcycle,0.74,275,484
2025-09-23T01:02:14.549189,motorcycle,0.73,123,160
2025-09-23T01:02:14.549345,motorcycle,0.72,53,168
2025-09-23T01:02:14.549511,motorcycle,0.56,173,139
2025-09-23T01:02:14.625786,motorcycle,0.79,276,490
2025-09-23T01:02:14.625951,motorcycle,0.74,55,174
2025-09-23T01:02:14.626147,motorcycle,0.74,119,164
2025-09-23T01:02:14.626359,motorcycle,0.61,171,143
2025-09-23T01:02:14.707333,motorcycle,0.80,274,493
2025-09-23T01:02:14.707502,motorcycle,0.72,51,179
2025-09-23T01:02:14.707747,motorcycle,0.67,115,166
2025-09-23T01:02:14.707951,motorcycle,0.61,167,147
2025-09-23T01:02:14.796945,motorcycle,0.81,276,493
2025-09-23T01:02:14.797113,motorcycle,0.69,52,180
2025-09-23T01:02:14.797327,motorcycle,0.64,110,169
2025-09-23T01:02:14.797494,motorcycle,0.57,163,149
2025-09-23T01:02:14.890601,motorcycle,0.75,273,491
2025-09-23T01:02:14.890999,motorcycle,0.69,52,182
2025-09-23T01:02:14.891538,motorcycle,0.61,109,172
2025-09-23T01:02:14.891791,motorcycle,0.55,160,147
2025-09-23T01:02:14.984824,motorcycle,0.73,55,180
2025-09-23T01:02:14.985060,motorcycle,0.73,275,497
2025-09-23T01:02:14.985234,motorcycle,0.64,116,170
2025-09-23T01:02:14.985406,motorcycle,0.57,161,148
2025-09-23T01:02:15.065623,motorcycle,0.74,55,181
2025-09-23T01:02:15.065843,motorcycle,0.73,275,495
2025-09-23T01:02:15.066045,motorcycle,0.68,119,172
2025-09-23T01:02:15.066216,motorcycle,0.60,170,149
2025-09-23T01:02:15.154622,motorcycle,0.75,274,486
2025-09-23T01:02:15.154886,motorcycle,0.73,56,177
2025-09-23T01:02:15.155072,motorcycle,0.72,124,167
2025-09-23T01:02:15.155226,motorcycle,0.51,170,145
2025-09-23T01:02:15.234334,motorcycle,0.74,275,486
2025-09-23T01:02:15.234516,motorcycle,0.70,125,167
2025-09-23T01:02:15.234694,motorcycle,0.70,56,179
2025-09-23T01:02:15.234870,motorcycle,0.51,176,144
2025-09-23T01:02:15.312214,motorcycle,0.76,274,477
2025-09-23T01:02:15.312354,motorcycle,0.63,59,174
2025-09-23T01:02:15.312531,motorcycle,0.61,127,165
2025-09-23T01:02:15.393430,motorcycle,0.69,127,161
2025-09-23T01:02:15.393624,motorcycle,0.66,274,439
2025-09-23T01:02:15.393777,motorcycle,0.64,175,137
2025-09-23T01:02:15.393923,motorcycle,0.64,57,170
2025-09-23T01:02:15.474911,motorcycle,0.68,275,443
2025-09-23T01:02:15.475083,motorcycle,0.67,128,160
2025-09-23T01:02:15.475275,motorcycle,0.64,64,168
2025-09-23T01:02:15.475474,motorcycle,0.61,176,136
2025-09-23T01:02:15.556109,motorcycle,0.69,142,163
2025-09-23T01:02:15.556304,motorcycle,0.66,276,465
2025-09-23T01:02:15.556516,motorcycle,0.59,194,142
2025-09-23T01:02:15.556691,motorcycle,0.58,70,172
2025-09-23T01:02:15.635620,motorcycle,0.74,277,478
2025-09-23T01:02:15.635823,motorcycle,0.65,145,168
2025-09-23T01:02:15.636009,motorcycle,0.54,67,177
2025-09-23T01:02:15.636169,motorcycle,0.52,195,148
2025-09-23T01:02:15.716344,motorcycle,0.78,276,484
2025-09-23T01:02:15.716527,motorcycle,0.65,145,173
2025-09-23T01:02:15.716717,motorcycle,0.62,75,183
2025-09-23T01:02:15.716919,motorcycle,0.58,195,153
2025-09-23T01:02:15.816015,motorcycle,0.71,275,486
2025-09-23T01:02:15.816253,motorcycle,0.60,79,187
2025-09-23T01:02:15.816436,motorcycle,0.56,147,177
2025-09-23T01:02:15.901246,motorcycle,0.68,278,491
2025-09-23T01:02:15.901417,motorcycle,0.67,148,184
2025-09-23T01:02:15.901626,motorcycle,0.63,75,187
2025-09-23T01:02:15.901797,motorcycle,0.55,197,162
2025-09-23T01:02:15.982920,motorcycle,0.71,277,497
2025-09-23T01:02:15.983110,motorcycle,0.66,150,187
2025-09-23T01:02:15.983283,motorcycle,0.54,196,166
2025-09-23T01:02:15.983458,motorcycle,0.53,39,194
2025-09-23T01:02:15.983617,motorcycle,0.51,93,196
2025-09-23T01:02:16.069599,motorcycle,0.73,276,499
2025-09-23T01:02:16.069890,motorcycle,0.65,149,187
2025-09-23T01:02:16.070119,motorcycle,0.56,90,197
2025-09-23T01:02:16.070315,motorcycle,0.54,199,165
2025-09-23T01:02:16.162209,motorcycle,0.75,278,498
2025-09-23T01:02:16.162417,motorcycle,0.63,152,187
2025-09-23T01:02:16.162617,motorcycle,0.60,91,197
2025-09-23T01:02:16.162781,motorcycle,0.54,39,198
2025-09-23T01:02:16.162927,motorcycle,0.50,204,167
2025-09-23T01:02:16.247452,motorcycle,0.68,278,498
2025-09-23T01:02:16.247642,motorcycle,0.62,37,210
2025-09-23T01:02:16.247798,motorcycle,0.57,95,198
2025-09-23T01:02:16.247947,motorcycle,0.55,155,192
2025-09-23T01:02:16.336160,motorcycle,0.68,281,502
2025-09-23T01:02:16.336373,motorcycle,0.64,161,193
2025-09-23T01:02:16.336573,motorcycle,0.59,96,200
2025-09-23T01:02:16.336734,motorcycle,0.58,39,211
2025-09-23T01:02:16.420205,motorcycle,0.66,101,201
2025-09-23T01:02:16.420423,motorcycle,0.66,280,506
2025-09-23T01:02:16.420608,motorcycle,0.61,39,210
2025-09-23T01:02:16.420835,motorcycle,0.57,168,192
2025-09-23T01:02:16.421006,motorcycle,0.53,219,172
2025-09-23T01:02:16.502529,motorcycle,0.69,171,194
2025-09-23T01:02:16.502787,motorcycle,0.65,280,505
2025-09-23T01:02:16.503000,motorcycle,0.63,104,202
2025-09-23T01:02:16.503169,motorcycle,0.56,223,176
2025-09-23T01:02:16.503405,motorcycle,0.53,42,215
2025-09-23T01:02:16.595603,motorcycle,0.63,172,198
2025-09-23T01:02:16.595790,motorcycle,0.62,102,203
2025-09-23T01:02:16.595987,motorcycle,0.61,282,507
2025-09-23T01:02:16.596154,motorcycle,0.55,224,179
2025-09-23T01:02:16.596300,motorcycle,0.51,51,212
2025-09-23T01:02:16.676070,motorcycle,0.70,175,198
2025-09-23T01:02:16.676288,motorcycle,0.65,107,207
2025-09-23T01:02:16.676507,motorcycle,0.62,290,502
2025-09-23T01:02:16.676697,motorcycle,0.56,46,217
2025-09-23T01:02:16.676919,motorcycle,0.50,226,182
2025-09-23T01:02:16.767848,motorcycle,0.65,175,204
2025-09-23T01:02:16.768098,motorcycle,0.64,290,505
2025-09-23T01:02:16.768289,motorcycle,0.57,123,212
2025-09-23T01:02:16.768487,motorcycle,0.54,227,184
2025-09-23T01:02:16.768677,motorcycle,0.53,52,220
2025-09-23T01:02:16.849278,motorcycle,0.63,288,516
2025-09-23T01:02:16.849472,motorcycle,0.63,127,212
2025-09-23T01:02:16.849661,motorcycle,0.56,58,219
2025-09-23T01:02:16.849826,motorcycle,0.55,192,202
2025-09-23T01:02:16.926818,motorcycle,0.68,195,207
2025-09-23T01:02:16.927041,motorcycle,0.64,292,506
2025-09-23T01:02:16.927220,motorcycle,0.61,127,210
2025-09-23T01:02:16.927431,motorcycle,0.57,245,187
2025-09-23T01:02:16.927636,motorcycle,0.51,62,221
2025-09-23T01:02:17.002783,motorcycle,0.70,293,509
2025-09-23T01:02:17.002978,motorcycle,0.66,199,205
2025-09-23T01:02:17.003139,motorcycle,0.61,126,208
2025-09-23T01:02:17.003355,motorcycle,0.60,248,185
2025-09-23T01:02:17.003513,motorcycle,0.59,63,217
2025-09-23T01:02:17.078698,motorcycle,0.70,200,204
2025-09-23T01:02:17.078887,motorcycle,0.68,295,509
2025-09-23T01:02:17.079052,motorcycle,0.59,125,208
2025-09-23T01:02:17.079204,motorcycle,0.54,69,218
2025-09-23T01:02:17.079348,motorcycle,0.53,250,185
2025-09-23T01:02:17.154133,motorcycle,0.71,296,521
2025-09-23T01:02:17.154344,motorcycle,0.69,200,204
2025-09-23T01:02:17.154557,motorcycle,0.60,250,186
2025-09-23T01:02:17.154746,motorcycle,0.59,143,212
2025-09-23T01:02:17.154950,motorcycle,0.59,64,377
2025-09-23T01:02:17.155133,motorcycle,0.50,68,221
2025-09-23T01:02:17.228114,motorcycle,0.67,297,516
2025-09-23T01:02:17.228313,motorcycle,0.64,148,212
2025-09-23T01:02:17.228491,motorcycle,0.63,203,204
2025-09-23T01:02:17.228663,motorcycle,0.57,66,381
2025-09-23T01:02:17.228849,motorcycle,0.56,253,187
2025-09-23T01:02:17.305801,motorcycle,0.67,298,516
2025-09-23T01:02:17.305979,motorcycle,0.63,202,206
2025-09-23T01:02:17.306161,motorcycle,0.62,148,213
2025-09-23T01:02:17.306322,motorcycle,0.57,66,381
2025-09-23T01:02:17.306473,motorcycle,0.51,254,188
2025-09-23T01:02:17.383531,motorcycle,0.67,150,214
2025-09-23T01:02:17.383750,motorcycle,0.67,298,519
2025-09-23T01:02:17.383938,motorcycle,0.60,206,205
2025-09-23T01:02:17.454168,motorcycle,0.69,298,516
2025-09-23T01:02:17.454355,motorcycle,0.64,151,214
2025-09-23T01:02:17.454509,motorcycle,0.61,208,205
2025-09-23T01:02:17.454672,motorcycle,0.56,259,186
2025-09-23T01:02:17.526254,motorcycle,0.65,297,505
2025-09-23T01:02:17.526469,motorcycle,0.64,152,213
2025-09-23T01:02:17.526643,motorcycle,0.60,207,205
2025-09-23T01:02:17.597012,motorcycle,0.68,156,214
2025-09-23T01:02:17.597165,motorcycle,0.61,71,384
2025-09-23T01:02:17.597372,motorcycle,0.61,217,206
2025-09-23T01:02:17.597584,motorcycle,0.55,297,497
2025-09-23T01:02:17.597751,motorcycle,0.54,269,187
2025-09-23T01:02:17.669341,motorcycle,0.69,158,212
2025-09-23T01:02:17.669548,motorcycle,0.68,222,206
2025-09-23T01:02:17.669748,motorcycle,0.65,297,496
2025-09-23T01:02:17.669916,motorcycle,0.59,270,185
2025-09-23T01:02:17.670069,motorcycle,0.58,92,218
2025-09-23T01:02:17.742561,motorcycle,0.69,224,204
2025-09-23T01:02:17.742758,motorcycle,0.67,155,211
2025-09-23T01:02:17.742990,motorcycle,0.65,301,506
2025-09-23T01:02:17.743145,motorcycle,0.57,272,184
2025-09-23T01:02:17.743299,motorcycle,0.52,94,216
2025-09-23T01:02:17.817846,motorcycle,0.69,224,201
2025-09-23T01:02:17.818008,motorcycle,0.61,157,208
2025-09-23T01:02:17.818204,motorcycle,0.60,300,511
2025-09-23T01:02:17.818358,motorcycle,0.60,273,182
2025-09-23T01:02:17.818504,motorcycle,0.58,96,217
2025-09-23T01:02:17.894572,motorcycle,0.71,225,199
2025-09-23T01:02:17.894774,motorcycle,0.67,156,204
2025-09-23T01:02:17.895011,motorcycle,0.61,299,506
2025-09-23T01:02:17.895168,motorcycle,0.58,274,182
2025-09-23T01:02:17.895345,motorcycle,0.57,96,216
2025-09-23T01:02:17.971047,motorcycle,0.69,225,196
2025-09-23T01:02:17.971271,motorcycle,0.63,298,506
2025-09-23T01:02:17.971472,motorcycle,0.63,158,203
2025-09-23T01:02:17.971664,motorcycle,0.54,276,178
2025-09-23T01:02:18.044578,motorcycle,0.63,302,504
2025-09-23T01:02:18.044787,motorcycle,0.60,228,195
2025-09-23T01:02:18.045006,motorcycle,0.56,160,200
2025-09-23T01:02:18.120591,motorcycle,0.60,299,506
2025-09-23T01:02:18.120796,motorcycle,0.58,159,197
2025-09-23T01:02:18.121035,motorcycle,0.52,230,193
2025-09-23T01:02:18.194211,motorcycle,0.62,301,502
2025-09-23T01:02:18.194413,motorcycle,0.61,230,190
2025-09-23T01:02:18.194613,motorcycle,0.61,160,195
2025-09-23T01:02:18.194796,motorcycle,0.55,279,168
2025-09-23T01:02:18.268356,motorcycle,0.67,300,501
2025-09-23T01:02:18.268562,motorcycle,0.57,157,195
2025-09-23T01:02:18.268753,motorcycle,0.52,232,189
2025-09-23T01:02:18.342138,motorcycle,0.63,300,500
2025-09-23T01:02:18.342333,motorcycle,0.56,162,198
2025-09-23T01:02:18.342527,motorcycle,0.51,239,192
2025-09-23T01:02:18.420759,motorcycle,0.64,298,499
2025-09-23T01:02:18.420945,motorcycle,0.55,160,196
2025-09-23T01:02:18.421101,motorcycle,0.55,277,167
2025-09-23T01:02:18.498214,motorcycle,0.68,298,494
2025-09-23T01:02:18.498383,motorcycle,0.54,172,195
2025-09-23T01:02:18.498533,motorcycle,0.52,286,167
2025-09-23T01:02:18.571587,motorcycle,0.64,302,491
2025-09-23T01:02:18.571785,motorcycle,0.62,171,196
2025-09-23T01:02:18.571994,motorcycle,0.59,234,191
2025-09-23T01:02:18.572415,motorcycle,0.56,278,166
2025-09-23T01:02:18.644626,motorcycle,0.63,301,491
2025-09-23T01:02:18.644794,motorcycle,0.58,173,194
2025-09-23T01:02:18.644950,motorcycle,0.56,238,190
2025-09-23T01:02:18.645113,motorcycle,0.50,281,166
2025-09-23T01:02:18.726110,motorcycle,0.64,299,488
2025-09-23T01:02:18.726285,motorcycle,0.57,174,195
2025-09-23T01:02:18.808302,motorcycle,0.59,292,445
2025-09-23T01:02:18.808460,motorcycle,0.54,176,193
2025-09-23T01:02:18.808626,motorcycle,0.51,290,165
2025-09-23T01:02:18.885326,motorcycle,0.60,299,448
2025-09-23T01:02:18.885507,motorcycle,0.57,174,193
2025-09-23T01:02:18.885683,motorcycle,0.56,291,163
2025-09-23T01:02:18.885886,motorcycle,0.55,245,188
2025-09-23T01:02:18.964619,motorcycle,0.61,293,443
2025-09-23T01:02:18.964835,motorcycle,0.58,299,163
2025-09-23T01:02:18.965013,motorcycle,0.55,175,190
2025-09-23T01:02:19.040495,motorcycle,0.69,300,445
2025-09-23T01:02:19.040680,motorcycle,0.59,178,188
2025-09-23T01:02:19.040854,motorcycle,0.59,302,163
2025-09-23T01:02:19.041040,motorcycle,0.54,250,184
2025-09-23T01:02:19.124683,motorcycle,0.61,303,445
2025-09-23T01:02:19.124858,motorcycle,0.60,179,187
2025-09-23T01:02:19.125036,motorcycle,0.58,252,184
2025-09-23T01:02:19.125208,motorcycle,0.54,301,163
2025-09-23T01:02:19.216006,motorcycle,0.62,305,445
2025-09-23T01:02:19.216234,motorcycle,0.59,252,186
2025-09-23T01:02:19.216431,motorcycle,0.58,176,187
2025-09-23T01:02:19.216607,motorcycle,0.53,301,163
2025-09-23T01:02:19.297594,motorcycle,0.60,250,185
2025-09-23T01:02:19.297798,motorcycle,0.60,305,446
2025-09-23T01:02:19.297979,motorcycle,0.57,176,188
2025-09-23T01:02:19.298127,motorcycle,0.52,301,162
2025-09-23T01:02:19.379542,motorcycle,0.65,305,445
2025-09-23T01:02:19.379758,motorcycle,0.61,250,184
2025-09-23T01:02:19.379928,motorcycle,0.58,175,186
2025-09-23T01:02:19.380085,motorcycle,0.55,300,162
2025-09-23T01:02:19.456895,motorcycle,0.70,306,442
2025-09-23T01:02:19.457096,motorcycle,0.55,250,183
2025-09-23T01:02:19.457286,motorcycle,0.55,176,185
2025-09-23T01:02:19.457462,motorcycle,0.53,301,160
2025-09-23T01:02:19.533969,motorcycle,0.61,294,441
2025-09-23T01:02:19.534153,motorcycle,0.58,251,182
2025-09-23T01:02:19.534309,motorcycle,0.55,297,160
2025-09-23T01:02:19.534498,motorcycle,0.55,176,184
2025-09-23T01:02:19.606892,motorcycle,0.68,292,438
2025-09-23T01:02:19.607076,motorcycle,0.55,300,160
2025-09-23T01:02:19.607230,motorcycle,0.53,250,181
2025-09-23T01:02:19.684962,motorcycle,0.64,292,440
2025-09-23T01:02:19.685144,motorcycle,0.58,250,177
2025-09-23T01:02:19.685349,motorcycle,0.55,301,160
2025-09-23T01:02:19.685557,motorcycle,0.52,178,184
2025-09-23T01:02:19.769566,motorcycle,0.62,293,440
2025-09-23T01:02:19.769738,motorcycle,0.60,250,175
2025-09-23T01:02:19.769927,motorcycle,0.60,302,159
2025-09-23T01:02:19.770146,motorcycle,0.51,179,183
2025-09-23T01:02:19.856400,motorcycle,0.66,294,437
2025-09-23T01:02:19.856576,motorcycle,0.57,251,176
2025-09-23T01:02:19.856733,motorcycle,0.55,303,159
2025-09-23T01:02:19.938583,motorcycle,0.67,297,435
2025-09-23T01:02:19.938767,motorcycle,0.57,253,173
2025-09-23T01:02:19.938914,motorcycle,0.53,304,155
2025-09-23T01:02:20.019088,motorcycle,0.69,302,435
2025-09-23T01:02:20.019259,motorcycle,0.59,253,173
2025-09-23T01:02:20.019436,motorcycle,0.53,302,152
2025-09-23T01:02:20.142884,motorcycle,0.65,296,434
2025-09-23T01:02:20.226977,motorcycle,0.57,297,434
2025-09-23T01:02:20.227162,motorcycle,0.54,301,150
2025-09-23T01:02:20.227473,motorcycle,0.51,252,172
2025-09-23T01:02:20.300236,motorcycle,0.64,305,435
2025-09-23T01:02:20.376963,motorcycle,0.55,298,493
2025-09-23T01:02:20.455646,motorcycle,0.61,293,436
2025-09-23T01:02:20.455814,motorcycle,0.53,251,166
2025-09-23T01:02:20.456123,motorcycle,0.51,176,173
2025-09-23T01:02:20.530837,motorcycle,0.66,247,164
2025-09-23T01:02:20.531019,motorcycle,0.58,296,144
2025-09-23T01:02:20.531215,motorcycle,0.57,299,490
2025-09-23T01:02:20.531380,motorcycle,0.54,170,175
2025-09-23T01:02:20.606531,motorcycle,0.63,244,164
2025-09-23T01:02:20.606797,motorcycle,0.59,303,489
2025-09-23T01:02:20.606980,motorcycle,0.58,166,173
2025-09-23T01:02:20.607159,motorcycle,0.52,296,144
2025-09-23T01:02:20.680913,motorcycle,0.68,299,488
2025-09-23T01:02:20.681079,motorcycle,0.60,75,337
2025-09-23T01:02:20.681268,motorcycle,0.58,240,166
2025-09-23T01:02:20.681442,motorcycle,0.52,160,175
2025-09-23T01:02:20.681583,motorcycle,0.52,298,145
2025-09-23T01:02:20.756717,motorcycle,0.71,298,487
2025-09-23T01:02:20.756888,motorcycle,0.57,229,161
2025-09-23T01:02:20.757038,motorcycle,0.51,284,142
2025-09-23T01:02:20.757212,motorcycle,0.51,153,170
2025-09-23T01:02:20.829691,motorcycle,0.69,297,481
2025-09-23T01:02:20.829851,motorcycle,0.58,279,142
2025-09-23T01:02:20.830019,motorcycle,0.58,230,162
2025-09-23T01:02:20.830177,motorcycle,0.55,156,170
2025-09-23T01:02:20.903054,motorcycle,0.65,298,483
2025-09-23T01:02:20.903243,motorcycle,0.64,227,159
2025-09-23T01:02:20.903420,motorcycle,0.59,278,141
2025-09-23T01:02:20.903600,motorcycle,0.54,155,170
2025-09-23T01:02:20.979430,motorcycle,0.68,297,488
2025-09-23T01:02:20.979661,motorcycle,0.60,223,160
2025-09-23T01:02:20.979890,motorcycle,0.60,277,142
2025-09-23T01:02:20.980064,motorcycle,0.52,70,340
2025-09-23T01:02:20.980221,motorcycle,0.50,150,168
2025-09-23T01:02:21.061450,motorcycle,0.75,296,491
2025-09-23T01:02:21.061601,motorcycle,0.71,225,161
2025-09-23T01:02:21.061757,motorcycle,0.66,274,142
2025-09-23T01:02:21.061936,motorcycle,0.60,151,168
2025-09-23T01:02:21.062108,motorcycle,0.51,69,337
2025-09-23T01:02:21.145311,motorcycle,0.76,295,489
2025-09-23T01:02:21.145494,motorcycle,0.69,224,160
2025-09-23T01:02:21.145679,motorcycle,0.64,276,142
2025-09-23T01:02:21.145870,motorcycle,0.63,151,167
2025-09-23T01:02:21.146048,motorcycle,0.56,69,340
2025-09-23T01:02:21.219576,motorcycle,0.78,293,489
2025-09-23T01:02:21.219736,motorcycle,0.61,67,342
2025-09-23T01:02:21.219906,motorcycle,0.61,151,168
2025-09-23T01:02:21.220073,motorcycle,0.61,274,141
2025-09-23T01:02:21.220250,motorcycle,0.55,220,159
2025-09-23T01:02:21.293522,motorcycle,0.79,294,485
2025-09-23T01:02:21.293705,motorcycle,0.62,147,166
2025-09-23T01:02:21.293889,motorcycle,0.61,67,341
2025-09-23T01:02:21.294064,motorcycle,0.61,274,142
2025-09-23T01:02:21.294212,motorcycle,0.57,217,158
2025-09-23T01:02:21.364300,motorcycle,0.76,292,486
2025-09-23T01:02:21.364475,motorcycle,0.65,273,141
2025-09-23T01:02:21.364665,motorcycle,0.62,146,167
2025-09-23T01:02:21.364827,motorcycle,0.61,216,159
2025-09-23T01:02:21.365014,motorcycle,0.56,65,344
2025-09-23T01:02:21.439065,motorcycle,0.76,291,488
2025-09-23T01:02:21.439257,motorcycle,0.60,148,168
2025-09-23T01:02:21.439439,motorcycle,0.59,211,162
2025-09-23T01:02:21.439623,motorcycle,0.56,269,141
2025-09-23T01:02:21.511554,motorcycle,0.71,287,486
2025-09-23T01:02:21.511734,motorcycle,0.64,209,162
2025-09-23T01:02:21.511883,motorcycle,0.57,261,140
2025-09-23T01:02:21.512044,motorcycle,0.56,145,167
2025-09-23T01:02:21.582427,motorcycle,0.72,287,485
2025-09-23T01:02:21.582604,motorcycle,0.63,206,161
2025-09-23T01:02:21.582754,motorcycle,0.61,260,141
2025-09-23T01:02:21.582949,motorcycle,0.56,144,168
2025-09-23T01:02:21.656272,motorcycle,0.68,286,483
2025-09-23T01:02:21.656451,motorcycle,0.59,205,161
2025-09-23T01:02:21.656605,motorcycle,0.59,142,169
2025-09-23T01:02:21.656770,motorcycle,0.54,259,141
2025-09-23T01:02:21.728884,motorcycle,0.67,284,488
2025-09-23T01:02:21.729055,motorcycle,0.61,204,161
2025-09-23T01:02:21.729203,motorcycle,0.56,257,142
2025-09-23T01:02:21.729377,motorcycle,0.53,141,170
2025-09-23T01:02:21.795386,motorcycle,0.69,287,490
2025-09-23T01:02:21.795591,motorcycle,0.67,202,159
2025-09-23T01:02:21.795756,motorcycle,0.59,256,141
2025-09-23T01:02:21.795939,motorcycle,0.54,139,168
2025-09-23T01:02:21.867807,motorcycle,0.72,286,486
2025-09-23T01:02:21.867983,motorcycle,0.67,201,160
2025-09-23T01:02:21.868135,motorcycle,0.66,254,141
2025-09-23T01:02:21.868297,motorcycle,0.57,128,161
2025-09-23T01:02:21.868439,motorcycle,0.51,68,172
2025-09-23T01:02:21.939896,motorcycle,0.72,281,489
2025-09-23T01:02:21.940066,motorcycle,0.59,122,159
2025-09-23T01:02:21.940237,motorcycle,0.59,200,158
2025-09-23T01:02:21.940444,motorcycle,0.57,252,141
2025-09-23T01:02:21.940624,motorcycle,0.55,65,171
2025-09-23T01:02:22.017165,motorcycle,0.78,282,488
2025-09-23T01:02:22.017366,motorcycle,0.68,199,161
2025-09-23T01:02:22.017556,motorcycle,0.62,252,141
2025-09-23T01:02:22.017747,motorcycle,0.60,63,170
2025-09-23T01:02:22.017931,motorcycle,0.58,120,159
2025-09-23T01:02:22.087817,motorcycle,0.77,281,484
2025-09-23T01:02:22.087989,motorcycle,0.73,199,162
2025-09-23T01:02:22.088153,motorcycle,0.67,249,140
2025-09-23T01:02:22.088361,motorcycle,0.61,123,162
2025-09-23T01:02:22.088550,motorcycle,0.54,63,171
2025-09-23T01:02:22.160199,motorcycle,0.74,282,486
2025-09-23T01:02:22.160391,motorcycle,0.64,198,162
2025-09-23T01:02:22.160563,motorcycle,0.58,250,139
2025-09-23T01:02:22.160772,motorcycle,0.56,127,164
2025-09-23T01:02:22.160940,motorcycle,0.54,61,171
2025-09-23T01:02:22.236626,motorcycle,0.78,278,483
2025-09-23T01:02:22.236805,motorcycle,0.65,193,158
2025-09-23T01:02:22.236974,motorcycle,0.61,122,162
2025-09-23T01:02:22.237138,motorcycle,0.58,245,134
2025-09-23T01:02:22.237351,motorcycle,0.56,56,169
2025-09-23T01:02:22.314074,motorcycle,0.73,276,477
2025-09-23T01:02:22.314281,motorcycle,0.69,193,158
2025-09-23T01:02:22.314473,motorcycle,0.58,60,170
2025-09-23T01:02:22.314644,motorcycle,0.57,121,163
2025-09-23T01:02:22.314843,motorcycle,0.57,242,135
2025-09-23T01:02:22.390524,motorcycle,0.72,275,476
2025-09-23T01:02:22.390731,motorcycle,0.60,124,164
2025-09-23T01:02:22.390904,motorcycle,0.59,191,158
2025-09-23T01:02:22.391114,motorcycle,0.58,54,170
2025-09-23T01:02:22.468724,motorcycle,0.74,275,479
2025-09-23T01:02:22.468914,motorcycle,0.65,123,164
2025-09-23T01:02:22.469094,motorcycle,0.61,188,157
2025-09-23T01:02:22.469281,motorcycle,0.60,53,168
2025-09-23T01:02:22.469445,motorcycle,0.52,234,136
2025-09-23T01:02:22.544555,motorcycle,0.73,274,478
2025-09-23T01:02:22.544740,motorcycle,0.64,119,163
2025-09-23T01:02:22.544935,motorcycle,0.60,182,156
2025-09-23T01:02:22.545298,motorcycle,0.57,53,167
2025-09-23T01:02:22.545631,motorcycle,0.56,240,134
2025-09-23T01:02:22.619259,motorcycle,0.78,274,477
2025-09-23T01:02:22.619478,motorcycle,0.62,122,161
2025-09-23T01:02:22.619660,motorcycle,0.62,49,167
2025-09-23T01:02:22.619892,motorcycle,0.59,179,154
2025-09-23T01:02:22.689678,motorcycle,0.77,275,474
2025-09-23T01:02:22.689895,motorcycle,0.64,110,156
2025-09-23T01:02:22.690096,motorcycle,0.62,177,151
2025-09-23T01:02:22.690274,motorcycle,0.61,48,164
2025-09-23T01:02:22.690466,motorcycle,0.55,236,130
2025-09-23T01:02:22.767093,motorcycle,0.73,273,470
2025-09-23T01:02:22.767272,motorcycle,0.64,176,148
2025-09-23T01:02:22.767455,motorcycle,0.63,109,155
2025-09-23T01:02:22.767619,motorcycle,0.61,47,167
2025-09-23T01:02:22.767768,motorcycle,0.57,235,126
2025-09-23T01:02:22.839593,motorcycle,0.75,273,461
2025-09-23T01:02:22.839753,motorcycle,0.64,106,151
2025-09-23T01:02:22.839910,motorcycle,0.63,47,163
2025-09-23T01:02:22.840061,motorcycle,0.63,176,144
2025-09-23T01:02:22.840229,motorcycle,0.52,235,125
2025-09-23T01:02:22.908623,motorcycle,0.72,274,457
2025-09-23T01:02:22.908844,motorcycle,0.63,107,151
2025-09-23T01:02:22.909037,motorcycle,0.63,47,164
2025-09-23T01:02:22.909212,motorcycle,0.58,178,144
2025-09-23T01:02:22.983097,motorcycle,0.72,275,464
2025-09-23T01:02:22.983269,motorcycle,0.67,110,153
2025-09-23T01:02:22.983429,motorcycle,0.60,176,147
2025-09-23T01:02:22.983611,motorcycle,0.59,47,165
2025-09-23T01:02:22.983759,motorcycle,0.52,231,121
2025-09-23T01:02:23.053654,motorcycle,0.72,274,460
2025-09-23T01:02:23.053890,motorcycle,0.67,110,150
2025-09-23T01:02:23.054073,motorcycle,0.61,48,162
2025-09-23T01:02:23.054247,motorcycle,0.56,181,146
2025-09-23T01:02:23.129255,motorcycle,0.78,275,467
2025-09-23T01:02:23.129484,motorcycle,0.65,117,153
2025-09-23T01:02:23.129687,motorcycle,0.63,49,163
2025-09-23T01:02:23.129880,motorcycle,0.58,192,146
2025-09-23T01:02:23.130092,motorcycle,0.54,240,124
2025-09-23T01:02:23.204390,motorcycle,0.74,274,472
2025-09-23T01:02:23.204555,motorcycle,0.62,123,156
2025-09-23T01:02:23.204714,motorcycle,0.61,195,146
2025-09-23T01:02:23.204899,motorcycle,0.61,54,164
2025-09-23T01:02:23.205067,motorcycle,0.58,241,127
2025-09-23T01:02:23.275169,motorcycle,0.78,274,480
2025-09-23T01:02:23.275350,motorcycle,0.63,125,157
2025-09-23T01:02:23.275501,motorcycle,0.62,198,149
2025-09-23T01:02:23.275674,motorcycle,0.58,247,131
2025-09-23T01:02:23.275843,motorcycle,0.54,57,159
2025-09-23T01:02:23.347069,motorcycle,0.72,274,482
2025-09-23T01:02:23.347248,motorcycle,0.67,197,146
2025-09-23T01:02:23.347400,motorcycle,0.62,59,165
2025-09-23T01:02:23.347548,motorcycle,0.62,125,156
2025-09-23T01:02:23.347690,motorcycle,0.58,247,130
2025-09-23T01:02:23.418121,motorcycle,0.73,274,486
2025-09-23T01:02:23.418290,motorcycle,0.63,200,148
2025-09-23T01:02:23.418476,motorcycle,0.60,65,165
2025-09-23T01:02:23.418663,motorcycle,0.60,129,156
2025-09-23T01:02:23.418818,motorcycle,0.51,250,130
2025-09-23T01:02:23.494743,motorcycle,0.74,276,484
2025-09-23T01:02:23.494966,motorcycle,0.66,145,160
2025-09-23T01:02:23.495167,motorcycle,0.61,207,151
2025-09-23T01:02:23.495324,motorcycle,0.51,70,170
2025-09-23T01:02:23.495473,motorcycle,0.51,255,130
2025-09-23T01:02:23.570743,motorcycle,0.72,274,482
2025-09-23T01:02:23.570921,motorcycle,0.67,146,159
2025-09-23T01:02:23.571122,motorcycle,0.61,210,150
2025-09-23T01:02:23.571310,motorcycle,0.53,72,168
2025-09-23T01:02:23.642442,motorcycle,0.72,275,479
2025-09-23T01:02:23.642657,motorcycle,0.60,143,158
2025-09-23T01:02:23.642835,motorcycle,0.58,208,148
2025-09-23T01:02:23.642981,motorcycle,0.57,73,171
2025-09-23T01:02:23.713543,motorcycle,0.69,272,474
2025-09-23T01:02:23.713755,motorcycle,0.66,147,155
2025-09-23T01:02:23.713927,motorcycle,0.55,214,144
2025-09-23T01:02:23.714109,motorcycle,0.52,72,161
2025-09-23T01:02:23.714270,motorcycle,0.51,275,127
2025-09-23T01:02:23.795644,motorcycle,0.71,274,472
2025-09-23T01:02:23.795837,motorcycle,0.69,148,155
2025-09-23T01:02:23.796045,motorcycle,0.57,275,126
2025-09-23T01:02:23.796229,motorcycle,0.56,217,146
2025-09-23T01:02:23.892060,motorcycle,0.73,275,469
2025-09-23T01:02:23.892233,motorcycle,0.67,149,153
2025-09-23T01:02:23.892429,motorcycle,0.60,224,144
2025-09-23T01:02:23.892614,motorcycle,0.52,274,123
2025-09-23T01:02:23.965646,motorcycle,0.69,275,466
2025-09-23T01:02:23.965815,motorcycle,0.67,150,152
2025-09-23T01:02:23.965967,motorcycle,0.63,224,143
2025-09-23T01:02:23.966117,motorcycle,0.58,274,122
2025-09-23T01:02:24.039846,motorcycle,0.71,275,463
2025-09-23T01:02:24.040034,motorcycle,0.65,149,148
2025-09-23T01:02:24.040191,motorcycle,0.59,223,141
2025-09-23T01:02:24.040359,motorcycle,0.56,274,120
2025-09-23T01:02:24.119735,motorcycle,0.71,275,465
2025-09-23T01:02:24.119906,motorcycle,0.67,150,144
2025-09-23T01:02:24.120140,motorcycle,0.60,273,118
2025-09-23T01:02:24.120338,motorcycle,0.58,226,138
2025-09-23T01:02:24.194104,motorcycle,0.68,275,466
2025-09-23T01:02:24.194277,motorcycle,0.68,153,144
2025-09-23T01:02:24.194433,motorcycle,0.63,227,137
2025-09-23T01:02:24.194602,motorcycle,0.60,275,119
2025-09-23T01:02:24.269756,motorcycle,0.70,273,468
2025-09-23T01:02:24.269950,motorcycle,0.66,229,136
2025-09-23T01:02:24.270116,motorcycle,0.65,153,144
2025-09-23T01:02:24.270283,motorcycle,0.64,274,116
2025-09-23T01:02:24.346949,motorcycle,0.69,274,470
2025-09-23T01:02:24.347106,motorcycle,0.65,228,136
2025-09-23T01:02:24.347244,motorcycle,0.61,275,116
2025-09-23T01:02:24.347418,motorcycle,0.60,155,142
2025-09-23T01:02:24.424036,motorcycle,0.71,273,466
2025-09-23T01:02:24.424220,motorcycle,0.59,155,140
2025-09-23T01:02:24.424401,motorcycle,0.57,229,135
2025-09-23T01:02:24.424551,motorcycle,0.56,277,114
2025-09-23T01:02:24.500981,motorcycle,0.70,273,470
2025-09-23T01:02:24.501183,motorcycle,0.58,157,139
2025-09-23T01:02:24.604361,motorcycle,0.65,274,468
2025-09-23T01:02:24.604633,motorcycle,0.61,161,139
2025-09-23T01:02:24.604846,motorcycle,0.57,244,137
2025-09-23T01:02:24.686393,motorcycle,0.64,272,448
2025-09-23T01:02:24.686571,motorcycle,0.63,161,136
2025-09-23T01:02:24.686720,motorcycle,0.54,246,134
2025-09-23T01:02:24.686859,motorcycle,0.53,298,113
2025-09-23T01:02:24.765563,motorcycle,0.66,271,470
2025-09-23T01:02:24.765751,motorcycle,0.61,297,114
2025-09-23T01:02:24.765956,motorcycle,0.61,247,135
2025-09-23T01:02:24.766142,motorcycle,0.59,167,140
2025-09-23T01:02:24.845605,motorcycle,0.64,273,475
2025-09-23T01:02:24.845763,motorcycle,0.60,301,118
2025-09-23T01:02:24.845940,motorcycle,0.58,251,138
2025-09-23T01:02:24.846101,motorcycle,0.54,179,142
2025-09-23T01:02:24.923469,motorcycle,0.68,276,482
2025-09-23T01:02:24.923657,motorcycle,0.53,189,144
2025-09-23T01:02:24.923829,motorcycle,0.51,305,118
2025-09-23T01:02:25.001470,motorcycle,0.65,279,482
2025-09-23T01:02:25.001671,motorcycle,0.57,272,142
2025-09-23T01:02:25.001831,motorcycle,0.56,196,145
2025-09-23T01:02:25.001999,motorcycle,0.53,321,121
2025-09-23T01:02:25.095547,motorcycle,0.66,281,482
2025-09-23T01:02:25.095749,motorcycle,0.62,266,145
2025-09-23T01:02:25.095899,motorcycle,0.56,324,124
2025-09-23T01:02:25.096082,motorcycle,0.54,197,146
2025-09-23T01:02:25.201517,motorcycle,0.66,282,479
2025-09-23T01:02:25.201707,motorcycle,0.64,270,145
2025-09-23T01:02:25.201925,motorcycle,0.59,199,147
2025-09-23T01:02:25.202170,motorcycle,0.50,324,125
2025-09-23T01:02:25.298837,motorcycle,0.68,206,157
2025-09-23T01:02:25.299087,motorcycle,0.64,283,482
2025-09-23T01:02:25.299269,motorcycle,0.61,327,135
2025-09-23T01:02:25.299435,motorcycle,0.60,277,151
2025-09-23T01:02:25.299643,motorcycle,0.51,145,167
2025-09-23T01:02:25.384917,motorcycle,0.67,285,486
2025-09-23T01:02:25.385129,motorcycle,0.52,332,137
2025-09-23T01:02:25.467845,motorcycle,0.68,284,483
2025-09-23T01:02:25.468036,motorcycle,0.57,349,140
2025-09-23T01:02:25.561621,motorcycle,0.71,288,481
2025-09-23T01:02:25.561790,motorcycle,0.62,351,140
2025-09-23T01:02:25.561944,motorcycle,0.53,297,157
2025-09-23T01:02:25.650840,motorcycle,0.66,290,488
2025-09-23T01:02:25.651063,motorcycle,0.51,226,155
2025-09-23T01:02:25.734582,motorcycle,0.73,292,484
2025-09-23T01:02:25.817978,motorcycle,0.68,296,487
2025-09-23T01:02:25.818151,motorcycle,0.50,315,147
2025-09-23T01:02:25.925677,motorcycle,0.64,296,480
2025-09-23T01:02:25.925866,motorcycle,0.52,377,132
2025-09-23T01:02:26.022767,motorcycle,0.59,294,478
2025-09-23T01:02:26.022973,motorcycle,0.54,328,145
2025-09-23T01:02:26.104682,motorcycle,0.53,294,476
2025-09-23T01:02:26.104918,motorcycle,0.51,381,121
2025-09-23T01:02:26.231755,motorcycle,0.51,295,449
2025-09-23T01:02:26.305885,motorcycle,0.64,297,441
2025-09-23T01:02:26.380573,motorcycle,0.64,293,442
2025-09-23T01:02:26.453791,motorcycle,0.56,298,446
2025-09-23T01:02:26.525059,motorcycle,0.77,295,438
2025-09-23T01:02:26.596702,motorcycle,0.69,297,443
2025-09-23T01:02:26.671156,motorcycle,0.67,296,440
2025-09-23T01:02:26.745179,motorcycle,0.59,300,453
2025-09-23T01:02:26.820365,motorcycle,0.65,300,449
2025-09-23T01:02:26.894535,motorcycle,0.61,303,469
2025-09-23T01:02:26.968144,motorcycle,0.68,296,485
2025-09-23T01:02:27.043540,motorcycle,0.55,287,489
2025-09-23T01:02:27.119526,motorcycle,0.54,287,493
2025-09-23T01:02:27.272545,motorcycle,0.54,285,529
2025-09-23T01:02:27.345653,motorcycle,0.58,290,522
2025-09-23T01:02:27.417629,motorcycle,0.61,293,524
2025-09-23T01:02:27.491859,motorcycle,0.61,290,526
2025-09-23T01:02:27.492086,motorcycle,0.54,430,147
2025-09-23T01:02:27.565179,motorcycle,0.56,286,530
2025-09-23T01:02:27.565351,motorcycle,0.54,429,149
2025-09-23T01:02:27.637144,motorcycle,0.63,289,526
2025-09-23T01:02:27.637397,motorcycle,0.58,431,147
2025-09-23T01:02:27.708567,motorcycle,0.65,283,532
2025-09-23T01:02:27.708741,motorcycle,0.57,435,144
2025-09-23T01:02:27.783705,motorcycle,0.63,283,535
2025-09-23T01:02:27.783867,motorcycle,0.50,433,146
2025-09-23T01:02:27.852660,motorcycle,0.58,281,534
2025-09-23T01:02:27.922105,motorcycle,0.54,278,529
2025-09-23T01:02:27.990459,motorcycle,0.54,280,505
2025-09-23T01:02:28.058930,motorcycle,0.56,284,500
2025-09-23T01:02:28.130925,motorcycle,0.55,286,500
2025-09-23T01:02:28.274550,motorcycle,0.53,286,531
2025-09-23T01:02:28.344261,motorcycle,0.51,282,532
2025-09-23T01:02:29.726939,motorcycle,0.51,282,464
2025-09-23T01:02:30.618150,motorcycle,0.53,288,469
2025-09-23T01:02:31.021745,motorcycle,0.51,288,503
2025-09-23T01:02:31.089575,motorcycle,0.54,288,505
2025-09-23T01:02:31.162025,motorcycle,0.53,287,539
2025-09-23T01:02:31.235924,motorcycle,0.51,288,540
2025-09-23T01:02:31.453409,motorcycle,0.50,288,536
2025-09-23T01:02:31.526938,motorcycle,0.54,287,503
2025-09-23T01:02:31.810830,motorcycle,0.52,288,503
2025-09-23T01:02:31.885046,motorcycle,0.56,288,496
2025-09-23T01:02:31.959644,motorcycle,0.52,288,494
2025-09-23T01:02:32.101147,motorcycle,0.51,285,492
2025-09-23T01:02:32.172114,motorcycle,0.52,288,495
2025-09-23T01:02:32.246028,motorcycle,0.53,288,497
2025-09-23T01:02:32.317054,motorcycle,0.51,288,500
2025-09-23T01:02:32.390775,motorcycle,0.51,288,505
2025-09-23T01:02:32.465388,motorcycle,0.52,288,501
2025-09-23T01:02:32.686380,motorcycle,0.53,287,493
2025-09-23T01:02:32.903361,motorcycle,0.57,291,478
2025-09-23T01:02:33.118324,motorcycle,0.50,288,456
2025-09-23T01:02:33.263710,motorcycle,0.52,285,447
2025-09-23T01:02:33.337317,motorcycle,0.57,284,444
2025-09-23T01:02:33.479590,motorcycle,0.54,282,445
2025-09-23T01:02:33.552041,motorcycle,0.51,287,449
2025-09-23T01:02:33.913410,motorcycle,0.56,279,466
2025-09-23T01:02:34.056431,motorcycle,0.54,281,527
2025-09-23T01:02:34.282964,motorcycle,0.53,275,547
2025-09-23T01:02:34.356504,motorcycle,0.52,277,544
2025-09-23T01:02:34.780394,motorcycle,0.57,321,446
2025-09-23T01:02:34.780584,motorcycle,0.53,407,165
2025-09-23T01:02:34.853197,motorcycle,0.62,425,163
2025-09-23T01:02:34.853411,motorcycle,0.57,330,454
2025-09-23T01:02:34.853592,motorcycle,0.55,538,174
2025-09-23T01:02:34.926694,motorcycle,0.62,425,162
2025-09-23T01:02:34.926928,motorcycle,0.57,330,454
2025-09-23T01:02:34.927123,motorcycle,0.55,538,174
2025-09-23T01:02:35.001461,motorcycle,0.59,272,542
2025-09-23T01:02:35.075288,motorcycle,0.59,271,543
2025-09-23T01:02:35.149267,motorcycle,0.58,272,543
2025-09-23T01:02:35.220256,motorcycle,0.59,272,543
2025-09-23T01:02:35.294023,motorcycle,0.59,272,543
2025-09-23T01:02:35.368490,motorcycle,0.59,272,542
2025-09-23T01:02:35.441764,motorcycle,0.71,272,539
2025-09-23T01:02:35.518983,motorcycle,0.68,273,542
2025-09-23T01:02:35.594193,motorcycle,0.70,274,539
2025-09-23T01:02:35.665672,motorcycle,0.69,274,541
2025-09-23T01:02:35.736401,motorcycle,0.55,274,544
2025-09-23T01:02:35.811452,motorcycle,0.67,273,544
2025-09-23T01:02:35.886932,motorcycle,0.68,272,539
2025-09-23T01:02:35.965514,motorcycle,0.74,273,538
2025-09-23T01:02:36.041743,motorcycle,0.68,273,536
2025-09-23T01:02:36.118233,motorcycle,0.71,274,538
2025-09-23T01:02:36.195404,motorcycle,0.69,276,536
2025-09-23T01:02:36.274148,motorcycle,0.65,276,536
2025-09-23T01:02:36.350073,motorcycle,0.57,276,500
2025-09-23T01:02:36.424113,motorcycle,0.58,278,500
2025-09-23T01:02:36.496958,motorcycle,0.65,280,532
2025-09-23T01:02:36.567557,motorcycle,0.60,280,497
2025-09-23T01:02:36.644448,motorcycle,0.63,280,490
2025-09-23T01:02:36.719097,motorcycle,0.59,282,537
2025-09-23T01:02:36.819851,motorcycle,0.60,283,537
2025-09-23T01:02:36.906584,motorcycle,0.62,282,537
2025-09-23T01:02:37.001408,motorcycle,0.63,283,538
2025-09-23T01:02:37.099972,motorcycle,0.66,283,536
2025-09-23T01:02:37.196102,motorcycle,0.63,288,533
2025-09-23T01:02:37.352672,motorcycle,0.66,290,534
2025-09-23T01:02:37.734763,motorcycle,0.53,288,431
2025-09-23T01:02:38.670605,motorcycle,0.55,288,437
2025-09-23T01:02:38.755411,motorcycle,0.63,288,437
2025-09-23T01:02:38.830265,motorcycle,0.55,288,435
2025-09-23T01:02:38.904427,motorcycle,0.56,288,432
2025-09-23T01:02:38.978010,motorcycle,0.60,288,435
2025-09-23T01:02:39.055884,motorcycle,0.62,288,426
2025-09-23T01:02:39.127017,motorcycle,0.56,288,435
2025-09-23T01:02:39.197152,motorcycle,0.53,288,438
2025-09-23T01:02:39.269587,motorcycle,0.61,289,439
2025-09-23T01:02:39.352520,motorcycle,0.52,289,444
2025-09-23T01:02:39.643337,motorcycle,0.52,289,440
2025-09-23T01:02:39.719571,motorcycle,0.60,290,433
2025-09-23T01:02:39.794373,motorcycle,0.54,288,438
2025-09-23T01:02:39.941534,motorcycle,0.51,288,434
2025-09-23T01:02:40.743253,motorcycle,0.65,289,532
2025-09-23T01:02:40.815672,motorcycle,0.64,288,535
2025-09-23T01:02:40.887850,motorcycle,0.64,288,536
2025-09-23T01:02:40.962657,motorcycle,0.63,288,533
2025-09-23T01:02:41.037008,motorcycle,0.62,288,533
2025-09-23T01:02:41.108760,motorcycle,0.58,288,532
2025-09-23T01:02:41.183361,motorcycle,0.54,288,533
2025-09-23T01:02:41.258361,motorcycle,0.53,288,531
2025-09-23T01:02:41.330027,motorcycle,0.61,288,534
2025-09-23T01:02:41.402439,motorcycle,0.58,288,534
2025-09-23T01:02:41.474419,motorcycle,0.61,289,533
2025-09-23T01:02:41.544719,motorcycle,0.55,288,532
2025-09-23T01:02:41.619996,motorcycle,0.59,288,536
2025-09-23T01:02:41.690971,motorcycle,0.61,288,535
2025-09-23T01:02:41.758107,motorcycle,0.61,288,535
2025-09-23T01:02:41.829513,motorcycle,0.60,288,534
2025-09-23T01:02:41.902848,motorcycle,0.61,288,538
2025-09-23T01:02:41.975432,motorcycle,0.60,288,532
2025-09-23T01:02:42.050123,motorcycle,0.58,288,532
2025-09-23T01:02:42.124212,motorcycle,0.60,288,531
2025-09-23T01:02:42.198524,motorcycle,0.54,288,530
2025-09-23T01:02:42.273807,motorcycle,0.56,288,530
2025-09-23T01:02:42.348744,motorcycle,0.53,288,529
2025-09-23T01:02:42.421286,motorcycle,0.59,288,529
2025-09-23T01:02:42.491370,motorcycle,0.56,288,528
2025-09-23T01:02:42.556365,motorcycle,0.56,288,527
2025-09-23T01:02:42.627259,motorcycle,0.58,288,533
2025-09-23T01:02:42.697564,motorcycle,0.54,288,531
2025-09-23T01:02:42.764834,motorcycle,0.55,288,531
2025-09-23T01:02:42.835939,motorcycle,0.52,288,532
2025-09-23T01:02:42.909780,motorcycle,0.55,288,529
2025-09-23T01:02:42.979332,motorcycle,0.60,288,535
2025-09-23T01:02:43.050716,motorcycle,0.58,288,535
2025-09-23T01:02:43.121463,motorcycle,0.60,288,533
2025-09-23T01:02:43.189285,motorcycle,0.58,288,532
2025-09-23T01:02:43.256828,motorcycle,0.57,288,531
2025-09-23T01:02:43.327974,motorcycle,0.59,288,531
2025-09-23T01:02:43.401557,motorcycle,0.63,288,532
2025-09-23T01:02:43.467403,motorcycle,0.60,288,537
2025-09-23T01:02:43.536874,motorcycle,0.61,288,536
2025-09-23T01:02:43.606016,motorcycle,0.59,288,538
2025-09-23T01:02:43.676872,motorcycle,0.62,288,539
2025-09-23T01:02:43.746196,motorcycle,0.62,288,542
2025-09-23T01:02:43.815888,motorcycle,0.63,288,541
2025-09-23T01:02:43.886134,motorcycle,0.65,288,541
2025-09-23T01:02:43.956665,motorcycle,0.63,288,542
2025-09-23T01:02:44.022996,motorcycle,0.58,288,574
2025-09-23T01:02:44.093773,motorcycle,0.52,288,578
2025-09-23T01:02:44.161419,motorcycle,0.51,288,582
2025-09-23T01:02:44.542844,motorcycle,0.54,288,539
2025-09-23T01:02:44.613084,motorcycle,0.56,288,537
2025-09-23T01:02:44.684697,motorcycle,0.59,288,538
2025-09-23T01:02:44.755286,motorcycle,0.56,288,538
2025-09-23T01:02:44.825571,motorcycle,0.57,288,537
2025-09-23T01:02:44.895216,motorcycle,0.54,288,536
2025-09-23T01:02:44.966576,motorcycle,0.58,288,538
2025-09-23T01:02:45.037304,motorcycle,0.53,288,540
2025-09-23T01:02:45.106746,motorcycle,0.56,288,574
2025-09-23T01:02:45.175694,motorcycle,0.53,288,573
2025-09-23T01:02:45.242056,motorcycle,0.54,288,574
2025-09-23T01:02:45.450446,motorcycle,0.51,288,628
2025-09-23T01:02:47.492688,motorcycle,0.60,289,644
2025-09-23T01:02:47.563533,motorcycle,0.62,289,647
2025-09-23T01:02:47.633194,motorcycle,0.62,289,644
2025-09-23T01:02:47.701592,motorcycle,0.62,290,644
